Id,Route,Group,Length
561,Unnamed route,searoutes,5435 km
12,Tranquil road,roads,4943 km
7,Unnamed route,roads,3309 km
11,Arcane road,roads,2812 km
1,Spike road,roads,1763 km
501,Ulgathizdus trail,trails,1464 km
94,Skalzian path,trails,1375 km
559,Unnamed route,searoutes,1321 km
91,Berwickwar trail,trails,1284 km
28,Krash trail,trails,1230 km
0,The Frosty Vulcantry road,roads,1207 km
5,Shadow road,roads,1187 km
595,Knutston sea route,searoutes,1095 km
485,Grald track,trails,1039 km
2,Shadowed road,roads,984 km
266,Qhech path,trails,948 km
6,Dusk route,roads,927 km
51,Bunar path,trails,907 km
36,Aberldynonese trail,trails,892 km
562,Unnamed route,searoutes,822 km
571,Verdant lane,searoutes,755 km
475,Albar trail,trails,709 km
9,Arcane way,roads,693 km
102,Brasbury track,trails,660 km
484,Zorradh pass,trails,639 km
39,Siumunese pass,trails,611 km
299,Rivekath pass,trails,604 km
545,Drodzokh track,trails,585 km
608,Celestial lane,searoutes,564 km
459,Uggor trail,trails,542 km
558,The Great Glowing lane,searoutes,537 km
614,Unnamed route,searoutes,532 km
376,Khaled path,trails,527 km
499,Nakib trail,trails,527 km
510,Dudid trail,trails,512 km
52,Sarac path,trails,501 km
463,Igin track,trails,494 km
14,Aurora road,roads,474 km
82,Midbutoncean track,trails,468 km
560,Unnamed route,searoutes,464 km
564,The Silent Iron sea route,searoutes,455 km
527,The Breezy Addum trail,trails,440 km
547,Kegorougham path,trails,431 km
176,Wargtondenese trail,trails,428 km
58,Nij'assean trail,trails,416 km
187,Radiant trail,trails,416 km
3,Chistonean highway,roads,412 km
505,Hosaxhirelese trail,trails,411 km
422,Megrish trail,trails,411 km
127,Scarlet track,trails,410 km
536,Erkoz trail,trails,407 km
143,Khiz trail,trails,407 km
162,Ingelleboduan trail,trails,405 km
265,Kinbizdus path,trails,399 km
136,Totnian trail,trails,398 km
583,The Rustic Sapphire seaway,searoutes,397 km
221,Tetheters path,trails,394 km
37,Unnamed route,trails,392 km
324,The Great Grirk path,trails,390 km
566,Unnamed route,searoutes,390 km
454,Verdant trail,trails,390 km
605,The Obscure Ethereal sea route,searoutes,387 km
503,Armordduroduan trail,trails,367 km
139,Rain trail,trails,363 km
530,Khararagz trail,trails,356 km
68,The Misty Anveguran trail,trails,353 km
554,The Rustic Amethyst sea route,searoutes,353 km
377,Old trail,trails,350 km
563,Forest lane,searoutes,349 km
34,Unnamed route,trails,349 km
114,Marlterbury pass,trails,348 km
587,Whisper sea route,searoutes,348 km
109,Bhic trail,trails,346 km
217,Khunzir path,trails,340 km
72,Sruss'jian trail,trails,339 km
23,The Fabled Mazionese trail,trails,338 km
128,Unnamed route,trails,336 km
464,Darklaf trail,trails,332 km
623,Arcane sea route,searoutes,331 km
25,Methin'kian trail,trails,330 km
76,Nightshade trail,trails,328 km
359,Bosheadford path,trails,327 km
178,The Shrouded Inverviean path,trails,324 km
400,Kharakzian trail,trails,320 km
486,Gugh trail,trails,319 km
177,Lympster trail,trails,316 km
553,Grand sea route,searoutes,316 km
97,Luminous trail,trails,313 km
338,Osfieldgean trail,trails,311 km
622,Shadowed lane,searoutes,307 km
532,Kinzadd track,trails,305 km
455,Khiz pass,trails,305 km
251,Lorggor track,trails,304 km
576,Eldritch lane,searoutes,299 km
138,Unnamed route,trails,299 km
581,The Sacred New lane,searoutes,296 km
286,Shun pass,trails,293 km
303,Gathediver trail,trails,292 km
513,Chazg trail,trails,292 km
531,Ushur path,trails,291 km
575,Dusk sea route,searoutes,290 km
33,Shadowed trail,trails,290 km
478,Phoenix trail,trails,288 km
496,Ushur track,trails,287 km
609,Unnamed route,searoutes,285 km
125,Abergarac trail,trails,284 km
384,Ocrerurontilese pass,trails,282 km
383,Buzah trail,trails,278 km
173,Bartonese pass,trails,275 km
233,Midbury trail,trails,274 km
578,Unnamed route,searoutes,273 km
153,Abercly path,trails,270 km
574,Stotford sea route,searoutes,266 km
550,Holtonese track,trails,264 km
96,The Rustic Gazionese pass,trails,264 km
74,The Winding Harleighelese pass,trails,263 km
350,Buntacury trail,trails,262 km
610,Dichuan lane,searoutes,258 km
107,Echo track,trails,249 km
512,Goccorean pass,trails,246 km
229,Uirairgean trail,trails,245 km
441,Aberdenese trail,trails,245 km
327,Chizhan trail,trails,241 km
55,Aberporth track,trails,241 km
625,Infernal sea route,searoutes,240 km
89,The Echoing Westheham trail,trails,238 km
465,Bozg path,trails,234 km
15,Hosaxhirelese road,roads,234 km
579,Ghost lane,searoutes,231 km
65,Ma'hanese path,trails,229 km
241,Rrinas trail,trails,229 km
534,Invermaw pass,trails,226 km
298,Aber pass,trails,223 km
600,Hoichuenese lane,searoutes,223 km
40,Luminous pass,trails,221 km
10,Sapphire route,roads,220 km
404,Apingman path,trails,220 km
159,The Shrouded Kirukthar trail,trails,219 km
599,Tsuen seaway,searoutes,218 km
370,Ormsterford trail,trails,216 km
488,Irodg trail,trails,215 km
238,Inver trail,trails,212 km
108,Newleigh pass,trails,211 km
249,Royal trail,trails,210 km
38,Shovertonese trail,trails,210 km
237,The Misty Khorbhelese trail,trails,209 km
13,Fading way,roads,208 km
205,Unnamed route,trails,207 km
67,Newboresey pass,trails,206 km
115,Knamerscom trail,trails,205 km
95,Inveran trail,trails,205 km
555,Jeweled sea route,searoutes,202 km
180,Shass trail,trails,202 km
479,Glowing trail,trails,200 km
588,Unnamed route,searoutes,199 km
567,Keditonese sea route,searoutes,198 km
585,Knamerscom sea route,searoutes,197 km
8,Sapphire route,roads,197 km
440,The Misty Bramanver trail,trails,196 km
129,The Misty Marlcestonese path,trails,196 km
477,Gundum pass,trails,194 km
292,Gatharb pass,trails,192 km
16,The Breezy Behambeley path,trails,192 km
548,Crimson trail,trails,192 km
291,Shiz pass,trails,191 km
456,Akhundzar trail,trails,189 km
300,Silvered path,trails,189 km
399,Narag trail,trails,189 km
473,Soz'tetesh trail,trails,188 km
345,The Frosty Dorg trail,trails,188 km
192,Quatford trail,trails,187 km
296,Thunder trail,trails,187 km
103,Unnamed route,trails,187 km
570,Unnamed route,searoutes,187 km
342,Daltash trail,trails,186 km
20,Withambean trail,trails,185 km
442,The Misty Anaid trail,trails,185 km
247,Braronnarfanese track,trails,185 km
528,The Winding Kizadian trail,trails,184 km
444,Abervielefen trail,trails,184 km
230,Sherscomber trail,trails,183 km
264,Nanunalnulese track,trails,183 km
152,Invers track,trails,183 km
333,Bretfordbuan track,trails,180 km
171,The Sacred Aberhond path,trails,180 km
521,Gararag pass,trails,179 km
26,Helsheadminese trail,trails,178 km
322,Soleringdonese trail,trails,177 km
239,Choiwanese pass,trails,176 km
417,Ikhadud trail,trails,176 km
434,Tothefordgean trail,trails,175 km
593,Forest lane,searoutes,175 km
495,Guzar pass,trails,175 km
362,Nuzunzar track,trails,174 km
519,Moncesmouth pass,trails,174 km
418,The Winding Nosh trail,trails,173 km
320,Durbotrean trail,trails,173 km
529,Barakinb trail,trails,172 km
244,The Fabled Bretheley path,trails,172 km
311,Reasalworth trail,trails,171 km
77,Binginese trail,trails,171 km
62,Aberdenese trail,trails,170 km
140,Innigaig track,trails,170 km
195,Oz'kasesh trail,trails,168 km
403,Kingradean pass,trails,168 km
263,Donhan path,trails,166 km
307,Torkwarling track,trails,166 km
149,Aberbarcarnese trail,trails,164 km
378,Altfordbury trail,trails,164 km
466,Totlewent trail,trails,164 km
116,Winkwartonese track,trails,164 km
179,Midhurst trail,trails,162 km
246,Knamerstan trail,trails,162 km
200,Shadowed path,trails,161 km
394,Foroughian pass,trails,161 km
206,Old path,trails,161 km
539,Octoionabean trail,trails,160 km
436,Bralzaz pass,trails,159 km
415,Merdish trail,trails,158 km
470,Kharb trail,trails,158 km
160,Biganton path,trails,157 km
447,Longong pass,trails,157 km
124,Halseatian track,trails,157 km
312,Seatesbury trail,trails,157 km
626,Unnamed route,searoutes,157 km
223,The Breezy Tiveringtonese trail,trails,156 km
382,Zassitesh track,trails,155 km
497,Babilit trail,trails,155 km
60,Cerulean trail,trails,155 km
203,Dragon trail,trails,153 km
260,Invertillanese track,trails,153 km
476,Clitham trail,trails,152 km
226,Inhafraw pass,trails,152 km
53,Bungayan trail,trails,152 km
100,Horsbury trail,trails,151 km
480,The Rustic Ardgran track,trails,151 km
194,Yiung path,trails,151 km
535,Inmouth trail,trails,151 km
219,Aberleigh trail,trails,150 km
99,Fobusean trail,trails,149 km
326,Lanfiglas pass,trails,148 km
419,Dijoduroioduan trail,trails,148 km
462,Invercych path,trails,148 km
337,Shash trail,trails,147 km
87,Abergydean trail,trails,147 km
111,Padslean path,trails,147 km
353,Marshbrid pass,trails,147 km
446,Azgilkonese track,trails,146 km
612,Azure seaway,searoutes,144 km
420,Kirk trail,trails,144 km
78,Miltontan track,trails,144 km
228,Invean trail,trails,144 km
533,The Shaky Sholabad pass,trails,143 km
201,Eternal trail,trails,143 km
507,Indan trail,trails,142 km
146,Chung pass,trails,142 km
258,Aber path,trails,142 km
56,Tetrinch track,trails,142 km
294,Lerexean track,trails,142 km
283,Rrissuan track,trails,142 km
295,The Silent Cleover track,trails,142 km
414,Shatharb trail,trails,140 km
90,Unnamed route,trails,139 km
218,Afesp path,trails,139 km
435,Ogherd trail,trails,139 km
487,Mystic trail,trails,137 km
604,Unnamed route,searoutes,137 km
272,Nakkash path,trails,136 km
518,The Fabled Srapjergek trail,trails,135 km
630,Shadow seaway,searoutes,135 km
172,Inbricagian trail,trails,135 km
618,Aber passage,searoutes,134 km
361,Piltashian trail,trails,134 km
227,Aberbeg trail,trails,133 km
86,Skalzian track,trails,133 km
209,Glimmering trail,trails,131 km
150,Zal'arras trail,trails,131 km
318,Jade trail,trails,130 km
18,The Cobbled Congfordenese trail,trails,130 km
409,The Obscure Hangchaumunese trail,trails,129 km
175,Asaltonbury pass,trails,129 km
222,Vushjun'har trail,trails,129 km
544,Kerodod trail,trails,129 km
358,Araburak trail,trails,128 km
371,Mereroean path,trails,128 km
101,Kilkburgh trail,trails,127 km
186,Zsorjintus track,trails,127 km
606,Abersaber seaway,searoutes,126 km
157,Holmondbury trail,trails,126 km
240,Heteshjuan trail,trails,126 km
589,The Cobbled Amber sea route,searoutes,126 km
73,Uigaigwaunese trail,trails,125 km
390,Muihung pass,trails,124 km
142,Samshanian path,trails,123 km
423,Milworth trail,trails,123 km
349,Maclifnalese trail,trails,122 km
443,Sereruroduran pass,trails,122 km
611,Unnamed route,searoutes,122 km
134,The Cobbled Maltonese trail,trails,121 km
387,Buckingham trail,trails,120 km
598,Waltonbury passage,searoutes,120 km
356,Ridrukhb trail,trails,119 km
288,Dichuan trail,trails,119 km
408,Aberdaberf trail,trails,119 km
591,Unnamed route,searoutes,118 km
524,The Echoing Sherscom trail,trails,118 km
70,Divine trail,trails,118 km
154,The Shrouded Gor'th'tunan trail,trails,118 km
169,Unnamed route,trails,118 km
426,Yuehoidong trail,trails,116 km
254,Narrinas trail,trails,116 km
216,The Winding Wickham track,trails,115 km
386,Britan trail,trails,115 km
413,Unnamed route,trails,114 km
323,Craftford trail,trails,114 km
287,Bridlean pass,trails,113 km
248,Hatford trail,trails,113 km
411,Moon trail,trails,113 km
380,Intirerargow trail,trails,113 km
397,Mondonean trail,trails,113 km
365,Barukthiz path,trails,112 km
584,The Shrouded Frozen sea route,searoutes,112 km
336,Kepjish path,trails,111 km
506,Monvercrafhan pass,trails,111 km
282,Yimwanting trail,trails,111 km
256,Khathundinese trail,trails,111 km
427,Sanwanese pass,trails,110 km
433,Sapphire pass,trails,109 km
164,Arayan trail,trails,108 km
407,Arkkussuan trail,trails,108 km
457,Dhodh trail,trails,108 km
472,Birpish trail,trails,108 km
491,Chilceswest trail,trails,108 km
105,Aberhan trail,trails,108 km
347,Burning trail,trails,108 km
130,Hornorby pass,trails,107 km
225,Abergrean trail,trails,107 km
131,Aber track,trails,107 km
30,Ellen track,trails,106 km
158,Thatcham trail,trails,106 km
509,Broghekh pass,trails,106 km
281,Choiwanese trail,trails,105 km
71,Beirairkunian track,trails,105 km
188,The Rustic Penilworth path,trails,105 km
255,Cleorough trail,trails,104 km
270,Khundur trail,trails,103 km
277,The Echoing Pheofraw trail,trails,103 km
424,The Frosty Digrodod trail,trails,103 km
568,Unnamed route,searoutes,103 km
126,Atentobhian trail,trails,102 km
231,Inveran track,trails,102 km
508,Clitham track,trails,102 km
182,Newleigh track,trails,102 km
540,Ladurish trail,trails,101 km
208,Ormster path,trails,100 km
431,Bamberoean trail,trails,100 km
301,Oz'tesh trail,trails,100 km
396,Tunargzig pass,trails,99 km
293,Gathediver trail,trails,99 km
402,Burning trail,trails,99 km
603,Verdant sea route,searoutes,99 km
621,Twilight passage,searoutes,98 km
54,The Sacred Aberubinese trail,trails,98 km
543,Abersoch track,trails,98 km
271,Maj'kess trail,trails,97 km
393,Khanish trail,trails,97 km
602,Unnamed route,searoutes,97 km
373,Botford trail,trails,97 km
43,Crystal track,trails,96 km
468,Spectral pass,trails,96 km
41,Bicorn Land trail,trails,96 km
98,Eldritch track,trails,96 km
522,Godmouthe track,trails,95 km
546,Zighuz track,trails,95 km
432,Kinzadd trail,trails,94 km
437,Lerantagian trail,trails,94 km
193,Skathuph pass,trails,94 km
279,Unnamed route segment,trails,93 km
549,Unnamed route segment,trails,93 km
199,Unnamed route segment,trails,93 km
474,Unnamed route segment,trails,93 km
110,Bosmouthet trail,trails,93 km
425,Unnamed route segment,trails,92 km
214,Unnamed route segment,trails,92 km
346,Unnamed route segment,trails,92 km
627,Unnamed route segment,searoutes,92 km
580,Unnamed route segment,searoutes,92 km
314,Unnamed route segment,trails,91 km
45,Unnamed route segment,trails,91 km
541,Unnamed route segment,trails,91 km
481,Unnamed route segment,trails,91 km
252,Unnamed route segment,trails,90 km
261,Unnamed route segment,trails,90 km
590,Unnamed route segment,searoutes,90 km
313,Unnamed route segment,trails,90 km
190,Unnamed route segment,trails,90 km
123,Unnamed route segment,trails,90 km
235,Unnamed route segment,trails,90 km
165,Unnamed route segment,trails,89 km
46,Unnamed route segment,trails,89 km
133,Unnamed route segment,trails,88 km
451,Unnamed route segment,trails,88 km
168,Unnamed route segment,trails,88 km
340,Unnamed route segment,trails,88 km
366,Unnamed route segment,trails,88 km
351,Unnamed route segment,trails,87 km
452,Unnamed route segment,trails,87 km
276,Unnamed route segment,trails,87 km
29,Unnamed route segment,trails,87 km
120,Unnamed route segment,trails,86 km
367,Unnamed route segment,trails,86 km
317,Unnamed route segment,trails,86 km
445,Unnamed route segment,trails,86 km
542,Unnamed route segment,trails,85 km
511,Unnamed route segment,trails,85 km
141,Unnamed route segment,trails,85 km
242,Unnamed route segment,trails,85 km
224,Unnamed route segment,trails,85 km
181,Unnamed route segment,trails,84 km
17,Unnamed route segment,trails,84 km
405,Unnamed route segment,trails,84 km
257,Unnamed route segment,trails,84 km
49,Unnamed route segment,trails,84 km
189,Unnamed route segment,trails,83 km
81,Unnamed route segment,trails,83 km
35,Unnamed route segment,trails,83 km
395,Unnamed route segment,trails,82 km
144,Unnamed route segment,trails,82 km
213,Unnamed route segment,trails,82 km
577,Unnamed route segment,searoutes,82 km
489,Unnamed route segment,trails,82 km
161,Unnamed route segment,trails,82 km
471,Unnamed route segment,trails,82 km
174,Unnamed route segment,trails,81 km
106,Unnamed route segment,trails,81 km
63,Unnamed route segment,trails,81 km
348,Unnamed route segment,trails,81 km
304,Unnamed route segment,trails,81 km
343,Unnamed route segment,trails,81 km
310,Unnamed route segment,trails,81 km
375,Unnamed route segment,trails,80 km
461,Unnamed route segment,trails,80 km
135,Unnamed route segment,trails,80 km
523,Unnamed route segment,trails,80 km
494,Unnamed route segment,trails,80 km
42,Unnamed route segment,trails,80 km
183,Unnamed route segment,trails,79 km
321,Unnamed route segment,trails,79 km
273,Unnamed route segment,trails,79 km
458,Unnamed route segment,trails,78 km
306,Unnamed route segment,trails,78 km
316,Unnamed route segment,trails,78 km
438,Unnamed route segment,trails,77 km
155,Unnamed route segment,trails,77 km
202,Unnamed route segment,trails,77 km
617,Unnamed route segment,searoutes,77 km
628,Unnamed route segment,searoutes,77 km
44,Unnamed route segment,trails,76 km
309,Unnamed route segment,trails,76 km
80,Unnamed route segment,trails,75 km
490,Unnamed route segment,trails,75 km
537,Unnamed route segment,trails,75 km
448,Unnamed route segment,trails,75 km
526,Unnamed route segment,trails,74 km
132,Unnamed route segment,trails,74 km
69,Unnamed route segment,trails,74 km
215,Unnamed route segment,trails,74 km
57,Unnamed route segment,trails,73 km
329,Unnamed route segment,trails,73 km
398,Unnamed route segment,trails,73 km
388,Unnamed route segment,trails,72 km
467,Unnamed route segment,trails,72 km
514,Unnamed route segment,trails,72 km
557,Unnamed route segment,searoutes,72 km
274,Unnamed route segment,trails,71 km
624,Unnamed route segment,searoutes,71 km
24,Unnamed route segment,trails,70 km
148,Unnamed route segment,trails,70 km
319,Unnamed route segment,trails,70 km
280,Unnamed route segment,trails,70 km
196,Unnamed route segment,trails,69 km
170,Unnamed route segment,trails,69 km
245,Unnamed route segment,trails,69 km
267,Unnamed route segment,trails,69 km
167,Unnamed route segment,trails,69 km
352,Unnamed route segment,trails,69 km
385,Unnamed route segment,trails,68 km
210,Unnamed route segment,trails,68 km
629,Unnamed route segment,searoutes,68 km
22,Unnamed route segment,trails,68 km
335,Unnamed route segment,trails,68 km
185,Unnamed route segment,trails,67 km
401,Unnamed route segment,trails,67 km
93,Unnamed route segment,trails,66 km
331,Unnamed route segment,trails,66 km
428,Unnamed route segment,trails,66 km
197,Unnamed route segment,trails,66 km
379,Unnamed route segment,trails,65 km
368,Unnamed route segment,trails,65 km
483,Unnamed route segment,trails,65 km
284,Unnamed route segment,trails,64 km
117,Unnamed route segment,trails,64 km
565,Unnamed route segment,searoutes,64 km
493,Unnamed route segment,trails,64 km
339,Unnamed route segment,trails,64 km
492,Unnamed route segment,trails,64 km
289,Unnamed route segment,trails,64 km
297,Unnamed route segment,trails,63 km
64,Unnamed route segment,trails,63 km
381,Unnamed route segment,trails,63 km
552,Unnamed route segment,trails,63 km
538,Unnamed route segment,trails,62 km
430,Unnamed route segment,trails,62 km
207,Unnamed route segment,trails,61 km
334,Unnamed route segment,trails,60 km
516,Unnamed route segment,trails,60 km
439,Unnamed route segment,trails,60 km
262,Unnamed route segment,trails,60 km
412,Unnamed route segment,trails,60 km
118,Unnamed route segment,trails,60 km
355,Unnamed route segment,trails,59 km
520,Unnamed route segment,trails,59 km
449,Unnamed route segment,trails,59 km
275,Unnamed route segment,trails,59 km
268,Unnamed route segment,trails,59 km
619,Unnamed route segment,searoutes,59 km
392,Unnamed route segment,trails,58 km
50,Unnamed route segment,trails,58 km
156,Unnamed route segment,trails,58 km
406,Unnamed route segment,trails,58 km
191,Unnamed route segment,trails,58 km
500,Unnamed route segment,trails,58 km
341,Unnamed route segment,trails,58 km
482,Unnamed route segment,trails,57 km
315,Unnamed route segment,trails,57 km
198,Unnamed route segment,trails,57 km
515,Unnamed route segment,trails,56 km
285,Unnamed route segment,trails,56 km
104,Unnamed route segment,trails,56 km
389,Unnamed route segment,trails,56 km
504,Unnamed route segment,trails,56 km
429,Unnamed route segment,trails,56 km
391,Unnamed route segment,trails,55 km
259,Unnamed route segment,trails,55 km
302,Unnamed route segment,trails,54 km
92,Unnamed route segment,trails,54 km
469,Unnamed route segment,trails,54 km
597,Unnamed route segment,searoutes,53 km
325,Unnamed route segment,trails,53 km
31,Unnamed route segment,trails,53 km
32,Unnamed route segment,trails,53 km
79,Unnamed route segment,trails,53 km
19,Unnamed route segment,trails,53 km
21,Unnamed route segment,trails,53 km
212,Unnamed route segment,trails,53 km
220,Unnamed route segment,trails,52 km
83,Unnamed route segment,trails,52 km
525,Unnamed route segment,trails,52 km
421,Unnamed route segment,trails,51 km
137,Unnamed route segment,trails,51 km
211,Unnamed route segment,trails,51 km
305,Unnamed route segment,trails,50 km
328,Unnamed route segment,trails,50 km
236,Unnamed route segment,trails,49 km
410,Unnamed route segment,trails,49 km
460,Unnamed route segment,trails,49 km
498,Unnamed route segment,trails,48 km
374,Unnamed route segment,trails,48 km
66,Unnamed route segment,trails,47 km
620,Unnamed route segment,searoutes,47 km
4,Unnamed route segment,roads,47 km
551,Unnamed route segment,trails,47 km
232,Unnamed route segment,trails,47 km
59,Unnamed route segment,trails,47 km
290,Unnamed route segment,trails,47 km
119,Unnamed route segment,trails,47 km
278,Unnamed route segment,trails,46 km
48,Unnamed route segment,trails,46 km
184,Unnamed route segment,trails,46 km
163,Unnamed route segment,trails,45 km
372,Unnamed route segment,trails,45 km
204,Unnamed route segment,trails,45 km
453,Unnamed route segment,trails,44 km
61,Unnamed route segment,trails,44 km
364,Unnamed route segment,trails,44 km
616,Unnamed route segment,searoutes,44 km
234,Unnamed route segment,trails,44 km
344,Unnamed route segment,trails,43 km
145,Unnamed route segment,trails,43 km
369,Unnamed route segment,trails,43 km
269,Unnamed route segment,trails,43 km
121,Unnamed route segment,trails,42 km
354,Unnamed route segment,trails,42 km
357,Unnamed route segment,trails,42 km
84,Unnamed route segment,trails,41 km
572,Unnamed route segment,searoutes,41 km
166,Unnamed route segment,trails,41 km
332,Unnamed route segment,trails,41 km
47,Unnamed route segment,trails,41 km
596,Unnamed route segment,searoutes,41 km
594,Unnamed route segment,searoutes,39 km
151,Unnamed route segment,trails,39 km
250,Unnamed route segment,trails,39 km
586,Unnamed route segment,searoutes,39 km
330,Unnamed route segment,trails,37 km
147,Unnamed route segment,trails,36 km
308,Unnamed route segment,trails,36 km
360,Unnamed route segment,trails,36 km
613,Unnamed route segment,searoutes,36 km
416,Unnamed route segment,trails,36 km
573,Unnamed route segment,searoutes,35 km
601,Unnamed route segment,searoutes,34 km
122,Unnamed route segment,trails,34 km
502,Unnamed route segment,trails,33 km
112,Unnamed route segment,trails,33 km
113,Unnamed route segment,trails,32 km
253,Unnamed route segment,trails,32 km
592,Unnamed route segment,searoutes,30 km
607,Unnamed route segment,searoutes,30 km
517,Unnamed route segment,trails,29 km
615,Unnamed route segment,searoutes,29 km
75,Unnamed route segment,trails,28 km
85,Unnamed route segment,trails,28 km
450,Unnamed route segment,trails,28 km
569,Unnamed route segment,searoutes,27 km
243,Unnamed route segment,trails,24 km
582,Unnamed route segment,searoutes,20 km
27,Unnamed route segment,trails,17 km
88,Unnamed route segment,trails,17 km
363,Unnamed route segment,trails,17 km
556,Unnamed route segment,searoutes,15 km
631,Unnamed route segment,searoutes,11 km
